gene_id,gene_symb_1,description,organism
24162,Acp2,"acid phosphatase 2, lysosomal","
		"
24172,Adh1c,"alcohol dehydrogenase 1C (class I), gamma polypeptide","
		"
24188,Aldh1a1,"aldehyde dehydrogenase 1 family, member A1","
		"
24206,Apeh,acylaminoacyl-peptide hydrolase,"
		"
24225,Bdnf,brain-derived neurotrophic factor,"
		"
24225,Bdnf,brain-derived neurotrophic factor,"
		"
24232,C3,complement C3,"
		"
24235,C4bpa,"complement component 4 binding protein, alpha","
		"
24241,Calca,calcitonin-related polypeptide alpha,"
		"
24246,Camk2d,calcium/calmodulin-dependent protein kinase II delta,"
		"
24246,Camk2d,calcium/calmodulin-dependent protein kinase II delta,"
		"
24309,Dbp,D-box binding PAR bZIP transcription factor,"
		"
24310,Ace,angiotensin I converting enzyme,"
		"
24314,Nqo1,NAD(P)H quinone dehydrogenase 1,"
		"
24331,Cela1,chymotrypsin like elastase 1,"
		"
24337,Erbb2,erb-b2 receptor tyrosine kinase 2,"
		"
24367,Fgg,fibrinogen gamma chain,"
		"
24368,Fh,fumarate hydratase,"
		"
24377,G6pd,glucose-6-phosphate dehydrogenase,"
		"
24443,Hdc,histidine decarboxylase,"
		"
24451,Hmox1,heme oxygenase 1,"
		"
24499,Il6r,interleukin 6 receptor,"
		"
24653,Pla2g4a,phospholipase A2 group 4A,"
		"
24667,Ppm1b,"protein phosphatase, Mg2+/Mn2+ dependent, 1B","
		"
24673,Ppp2cb,protein phosphatase 2 catalytic subunit beta,"
		"
24677,Ppy,pancreatic polypeptide,"
		"
24678,Pkib,cAMP-dependent protein kinase inhibitor beta,"
		"
24679,Prkar2b,protein kinase cAMP-dependent type II regulatory subunit beta,"
		"
24684,Prlr,prolactin receptor,"
		"
24697,Ptpn1,"protein tyrosine phosphatase, non-receptor type 1","
		"
24699,Ptprc,"protein tyrosine phosphatase, receptor type, C","
		"
24699,Ptprc,"protein tyrosine phosphatase, receptor type, C","
		"
24703,Raf1,"Raf-1 proto-oncogene, serine/threonine kinase","
		"
24770,Ccl2,C-C motif chemokine ligand 2,"
		"
24787,Sod2,superoxide dismutase 2,"
		"
24796,Spn,sialophorin,"
		"
24877,Vsnl1,visinin-like 1,"
		"
24896,Gnas,GNAS complex locus,"
		"
24948,Fmr1,fragile X messenger ribonucleoprotein 1,"
		"
25019,Xrcc6,X-ray repair cross complementing 6,"
		"
25022,Fgfr2,fibroblast growth factor receptor 2,"
		"
25035,Cyb5r3,cytochrome b5 reductase 3,"
		"
25097,Pld2,phospholipase D2,"
		"
25122,Scnn1a,sodium channel epithelial 1 subunit alpha,"
		"
25159,Gata2,GATA binding protein 2,"
		"
25165,Zfp386,zinc finger protein 386 (Kruppel-like),"
		"
25194,Gnrh1,gonadotropin releasing hormone 1,"
		"
25241,Aqp5,aquaporin 5,"
		"
25248,Cnr1,cannabinoid receptor 1,"
		"
25261,Id1,inhibitor of DNA binding 1,"
		"
25267,Pdgfra,platelet derived growth factor receptor alpha,"
		"
25282,Cox6a1,cytochrome c oxidase subunit 6A1,"
		"
25419,Crp,C-reactive protein,"
		"
25435,Eef2k,eukaryotic elongation factor-2 kinase,"
		"
25478,Man2a1,"mannosidase, alpha, class 2A, member 1","
		"
25498,Npm1,nucleophosmin 1,"
		"
25506,P4hb,prolyl 4-hydroxylase subunit beta,"
		"
25522,Prkcz,"protein kinase C, zeta","
		"
25538,Rps5,ribosomal protein S5,"
		"
25573,Ube2i,ubiquitin-conjugating enzyme E2I,"
		"
25577,Ywhaq,"tyrosine 3-monooxygenase/tryptophan 5-monooxygenase activation protein, theta","
		"
25584,F3,"coagulation factor III, tissue factor","
		"
25603,Marcks,myristoylated alanine rich protein kinase C substrate,"
		"
25604,Pcmt1,protein-L-isoaspartate (D-aspartate) O-methyltransferase 1,"
		"
25615,Sdc2,syndecan 2,"
		"
25620,Crem,cAMP responsive element modulator,"
		"
25625,Tnfrsf1a,TNF receptor superfamily member 1A,"
		"
25658,Gckr,glucokinase regulator,"
		"
25673,Anxa5,annexin A5,"
		"
25703,Rbp4,retinol binding protein 4,"
		"
25744,Nf2,"NF2, moesin-ezrin-radixin like (MERLIN) tumor suppressor","
		"
25744,Nf2,"NF2, moesin-ezrin-radixin like (MERLIN) tumor suppressor","
		"
25748,Alas2,5'-aminolevulinate synthase 2,"
		"
26954,Rheb,"Ras homolog, mTORC1 binding","
		"
29157,Ccng2,cyclin G2,"
		"
29185,Cd37,CD37 molecule,"
		"
29218,Rcn2,reticulocalbin 2,"
		"
29274,Rnf4,ring finger protein 4,"
		"
29275,Actc1,"actin, alpha, cardiac muscle 1","
		"
29317,Csrp2,cysteine and glycine-rich protein 2,"
		"
29364,Cd47,Cd47 molecule,"
		"
29367,Chkb,choline kinase beta,"
		"
29389,Tnni2,"troponin I2, fast skeletal type","
		"
29390,Ptpmt1,"protein tyrosine phosphatase, mitochondrial 1","
		"
29393,Col1a1,collagen type I alpha 1 chain,"
		"
29402,Unc119,unc-119 lipid binding chaperone,"
		"
29421,Urod,uroporphyrinogen decarboxylase,"
		"
29427,Aif1,allograft inflammatory factor 1,"
		"
29435,Ssr4,signal sequence receptor subunit 4,"
		"
29440,Slc26a4,solute carrier family 26 member 4,"
		"
29457,Map6,microtubule-associated protein 6,"
		"
29541,Nthl1,nth-like DNA glycosylase 1,"
		"
29542,Pebp1,phosphatidylethanolamine binding protein 1,"
		"
29580,Fdft1,farnesyl diphosphate farnesyl transferase 1,"
		"
29584,Gjb1,"gap junction protein, beta 1","
		"
29597,P2ry2,purinergic receptor P2Y2,"
		"
29613,Ntrk3,neurotrophic receptor tyrosine kinase 3,"
		"
29628,Gria3,glutamate ionotropic receptor AMPA type subunit 3,"
		"
29668,Psma1,proteasome 20S subunit alpha 1,"
		"
29670,Psma3,proteasome 20S subunit alpha 3,"
		"
29674,Psma7,proteasome 20S subunit alpha 7,"
		"
29678,Sart1,"spliceosome associated factor 1, recruiter of U4/U6.U5 tri-snRNP","
		"
29705,Gabra1,gamma-aminobutyric acid type A receptor subunit alpha 1,"
		"
29711,Bckdhb,branched chain keto acid dehydrogenase E1 subunit beta,"
		"
29713,Kcnj5,"potassium inwardly-rectifying channel, subfamily J, member 5","
		"
29735,Slc16a7,solute carrier family 16 member 7,"
		"
29743,Slc25a1,solute carrier family 25 member 1,"
		"
29754,Atp5mc1,ATP synthase membrane subunit c locus 1,"
		"
29757,Atp6v0a1,ATPase H+ transporting V0 subunit a1,"
		"
50558,Npepps,aminopeptidase puromycin sensitive,"
		"
50558,Npepps,aminopeptidase puromycin sensitive,"
		"
50567,Slc3a2,solute carrier family 3 member 2,"
		"
50669,Prf1,perforin 1,"
		"
50689,Mapk3,mitogen activated protein kinase 3,"
		"
54315,Ucp2,uncoupling protein 2,"
		"
54705,Pdp1,pyruvate dehydrogenase phosphatase catalytic subunit 1,"
		"
56764,Samd13,sterile alpha motif domain containing 13,"
		"
56781,Myl1,"myosin, light chain 1","
		"
58820,Zfp148,zinc finger protein 148,"
		"
58845,Igbp1,immunoglobulin binding protein 1,"
		"
58852,Nr1h3,"nuclear receptor subfamily 1, group H, member 3","
		"
58952,Cpq,carboxypeptidase Q,"
		"
59076,Grk6,G protein-coupled receptor kinase 6,"
		"
59101,P3h4,prolyl 3-hydroxylase family member 4,"
		"
59108,Mb,myoglobin,"
		"
59325,Ereg,epiregulin,"
		"
60323,Arhgef1,Rho guanine nucleotide exchange factor 1,"
		"
60336,Arpp19,cAMP-regulated phosphoprotein 19,"
		"
60341,Camkk1,calcium/calmodulin-dependent protein kinase kinase 1,"
		"
60356,Csad,cysteine sulfinic acid decarboxylase,"
		"
60374,Lmna,lamin A/C,"
		"
60628,Cxcr4,C-X-C motif chemokine receptor 4,"
		"
60661,Max,MYC associated factor X,"
		"
63847,Fxyd6,FXYD domain-containing ion transport regulator 6,"
		"
63938,Hibadh,3-hydroxyisobutyrate dehydrogenase,"
		"
64028,Tsnax,translin-associated factor X,"
		"
64040,Aldh9a1,"aldehyde dehydrogenase 9 family, member A1","
		"
64124,Adgrl4,adhesion G protein-coupled receptor L4,"
		"
64152,Chp1,calcineurin-like EF-hand protein 1,"
		"
64198,Pmpcb,"peptidase, mitochondrial processing subunit beta","
		"
64300,Mthfd1,"methylenetetrahydrofolate dehydrogenase, cyclohydrolase and formyltetrahydrofolate synthetase 1","
		"
64360,Mrpl23,mitochondrial ribosomal protein L23,"
		"
64363,Araf,"A-Raf proto-oncogene, serine/threonine kinase","
		"
64363,Araf,"A-Raf proto-oncogene, serine/threonine kinase","
		"
64387,Ccdc80,coiled-coil domain containing 80,"
		"
64390,Prpsap1,phosphoribosyl pyrophosphate synthetase-associated protein 1,"
		"
64460,Pex14,peroxisomal biogenesis factor 14,"
		"
64514,Eif2b1,eukaryotic translation initiation factor 2B subunit alpha,"
		"
64539,Ndufv3,NADH:ubiquinone oxidoreductase subunit V3,"
		"
64631,Ube2g1,ubiquitin-conjugating enzyme E2G 1,"
		"
64635,Snd1,staphylococcal nuclease and tudor domain containing 1,"
		"
64666,Taok2,TAO kinase 2,"
		"
64679,Tgm4,transglutaminase 4,"
		"
64702,Trim17,tripartite motif-containing 17,"
		"
65028,Dnaja1,DnaJ heat shock protein family (Hsp40) member A1,"
		"
65040,Dlgap1,DLG associated protein 1,"
		"
65183,Aldh3a2,"aldehyde dehydrogenase 3 family, member A2","
		"
65185,Sult1c3,sulfotransferase family 1C member 3,"
		"
65274,Nup62,nucleoporin 62,"
		"
78959,Akr1a1,aldo-keto reductase family 1 member A1,"
		"
79122,Fdxr,ferredoxin reductase,"
		"
79210,Fstl1,follistatin-like 1,"
		"
79214,Galnt1,polypeptide N-acetylgalactosaminyltransferase 1,"
		"
79239,Hmox2,heme oxygenase 2,"
		"
79248,Abca2,ATP binding cassette subfamily A member 2,"
		"
79250,Aco2,aconitase 2,"
		"
79434,Rab11b,"RAB11B, member RAS oncogene family","
		"
79451,Fabp4,fatty acid binding protein 4,"
		"
79563,Grpel1,"GrpE-like 1, mitochondrial","
		"
80338,Zbtb10,zinc finger and BTB domain containing 10,"
		"
80900,Slco1a5,"solute carrier organic anion transporter family, member 1A5","
		"
81024,Ica1,islet cell autoantigen 1,"
		"
81504,Grb2,growth factor receptor bound protein 2,"
		"
81530,Pdk2,pyruvate dehydrogenase kinase 2,"
		"
81652,Ctbs,chitobiase,"
		"
81654,Dlat,dihydrolipoamide S-acetyltransferase,"
		"
81708,Aldh6a1,"aldehyde dehydrogenase 6 family, member A1","
		"
81716,Ggcx,gamma-glutamyl carboxylase,"
		"
81732,Actr3,actin related protein 3,"
		"
81782,Soat1,sterol O-acyltransferase 1,"
		"
81830,Rab11a,"RAB11a, member RAS oncogene family","
		"
83498,Hnrnpab,heterogeneous nuclear ribonucleoprotein A/B,"
		"
83508,Timeless,timeless circadian regulator,"
		"
83513,Mmp24,matrix metallopeptidase 24,"
		"
83526,Atrn,attractin,"
		"
83571,Cdkn1b,cyclin-dependent kinase inhibitor 1B,"
		"
83584,Casp6,caspase 6,"
		"
83681,Cish,cytokine inducible SH2-containing protein,"
		"
83722,Plk2,polo-like kinase 2,"
		"
83784,Agxt2,alanine-glyoxylate aminotransferase 2,"
		"
83788,Septin9,septin 9,"
		"
83791,Fdps,farnesyl diphosphate synthase,"
		"
83800,Clta,"clathrin, light chain A","
		"
83833,Smarcd2,SWI/SNF related BAF chromatin remodeling complex subunit D2,"
		"
84026,Dnaja2,DnaJ heat shock protein family (Hsp40) member A2,"
		"
84359,Dffb,DNA fragmentation factor subunit beta,"
		"
84401,Puf60,poly-U binding splicing factor 60,"
		"
84426,Wnt4,Wnt family member 4,"
		"
84428,Dctn4,dynactin subunit 4,"
		"
84497,Dgat1,diacylglycerol O-acyltransferase 1,"
		"
84578,Hdac3,histone deacetylase 3,"
		"
84584,Ncoa3,nuclear receptor coactivator 3,"
		"
84598,Jak1,Janus kinase 1,"
		"
84683,Cox4i2,cytochrome c oxidase subunit 4i2,"
		"
85270,Tekt1,tektin 1,"
		"
85332,Cavin3,caveolae associated protein 3,"
		"
85384,Sos2,SOS Ras/Rho guanine nucleotide exchange factor 2,"
		"
85432,Ddx52,DExD-box helicase 52,"
		"
85490,Col5a1,collagen type V alpha 1 chain,"
		"
89783,Laptm5,lysosomal protein transmembrane 5,"
		"
89784,Idi1,isopentenyl-diphosphate delta isomerase 1,"
		"
89804,Tek,TEK receptor tyrosine kinase,"
		"
89805,Angpt2,angiopoietin 2,"
		"
89806,Tie1,tyrosine kinase with immunoglobulin-like and EGF-like domains 1,"
		"
89842,Mbtps1,"membrane-bound transcription factor peptidase, site 1","
		"
94189,Gosr1,golgi SNAP receptor complex member 1,"
		"
94196,Rnf138,ring finger protein 138,"
		"
94202,Ptprr,"protein tyrosine phosphatase, receptor type, R","
		"
113892,Nat8f3,N-acetyltransferase 8 (GCN5-related) family member 3,"
		"
113929,Nup88,nucleoporin 88,"
		"
113931,Prrx2,paired related homeobox 2,"
		"
113947,Maged2,MAGE family member D2,"
		"
113959,C5ar1,complement C5a receptor 1,"
		"
114108,Pdlim3,PDZ and LIM domain 3,"
		"
114553,Ncf1,neutrophil cytosolic factor 1,"
		"
114558,Becn1,beclin 1,"
		"
114709,Ifitm2,interferon induced transmembrane protein 2,"
		"
114846,Gsto1,glutathione S-transferase omega 1,"
		"
116483,Dars1,aspartyl-tRNA synthetase 1,"
		"
116486,Sec14l2,SEC14-like lipid binding 2,"
		"
116565,Lrpap1,LDL receptor related protein associated protein 1,"
		"
116598,Pdia4,"protein disulfide isomerase family A, member 4","
		"
116633,Akap8,A-kinase anchoring protein 8,"
		"
116722,Psmd10,"proteasome 26S subunit, non-ATPase 10","
		"
116831,Fxyd3,FXYD domain-containing ion transport regulator 3,"
		"
116996,Il16,interleukin 16,"
		"
117019,Eif2b4,eukaryotic translation initiation factor 2B subunit delta,"
		"
117045,Eif4e,eukaryotic translation initiation factor 4E,"
		"
117104,Ppp2r2a,"protein phosphatase 2, regulatory subunit B, alpha","
		"
117106,Scarb2,"scavenger receptor class B, member 2","
		"
117259,Tra2b,transformer 2 beta,"
		"
117264,P2ry6,pyrimidinergic receptor P2Y6,"
		"
117272,Prpsap2,phosphoribosyl pyrophosphate synthetase-associated protein 2,"
		"
117274,Nr0b2,"nuclear receptor subfamily 0, group B, member 2","
		"
117278,Ebp,"EBP, cholestenol delta-isomerase","
		"
117280,Hnrnpu,heterogeneous nuclear ribonucleoprotein U,"
		"
117282,Hnrnpk,heterogeneous nuclear ribonucleoprotein K,"
		"
117513,Sec22a,"SEC22 homolog A, vesicle trafficking protein","
		"
117526,Tbp,TATA box binding protein,"
		"
117541,Smu1,"SMU1, DNA replication regulator and spliceosomal factor","
		"
117553,Uba3,ubiquitin-like modifier activating enzyme 3,"
		"
117855,Sf1,splicing factor 1,"
		"
140608,Atp5me,ATP synthase membrane subunit e,"
		"
140665,Rab3d,"RAB3D, member RAS oncogene family","
		"
140669,Abcb6,ATP binding cassette subfamily B member 6,"
		"
140670,Ap2b1,adaptor related protein complex 2 subunit beta 1,"
		"
140673,Napa,NSF attachment protein alpha,"
		"
140734,Dynll2,dynein light chain LC8-type 2,"
		"
140938,Psmc3ip,PSMC3 interacting protein,"
		"
140945,Rtn3,reticulon 3,"
		"
155423,Anxa7,annexin A7,"
		"
170911,Pik3ca,"phosphatidylinositol-4,5-bisphosphate 3-kinase, catalytic subunit alpha","
		"
170911,Pik3ca,"phosphatidylinositol-4,5-bisphosphate 3-kinase, catalytic subunit alpha","
		"
170916,Lonp1,"lon peptidase 1, mitochondrial","
		"
171046,Tcf3,transcription factor 3,"
		"
171073,Hdgfl2,HDGF like 2,"
		"
171085,Pcsk4,proprotein convertase subtilisin/kexin type 4,"
		"
171086,Trak2,trafficking kinesin protein 2,"
		"
171122,Rab29,"RAB29, member RAS oncogene family","
		"
171138,Kcne2,potassium voltage-gated channel subfamily E regulatory subunit 2,"
		"
171145,Eif2b3,eukaryotic translation initiation factor 2B subunit gamma,"
		"
171305,Clk3,CDC-like kinase 3,"
		"
171356,Foxc2,forkhead box C2,"
		"
171437,Dnttip1,"deoxynucleotidyltransferase, terminal, interacting protein 1","
		"
171441,Yif1a,"Yip1 interacting factor homolog A, membrane trafficking protein","
		"
171444,Pacs1,phosphofurin acidic cluster sorting protein 1,"
		"
171562,Ero1a,endoplasmic reticulum oxidoreductase 1 alpha,"
		"
171566,Nme7,NME/NM23 family member 7,"
		"
191569,Pde9a,phosphodiesterase 9A,"
		"
192154,Hip1,huntingtin interacting protein 1,"
		"
192204,Ehd4,EH-domain containing 4,"
		"
192256,Pja2,praja ring finger ubiquitin ligase 2,"
		"
192360,Eml2,EMAP like 2,"
		"
245922,Nup58,nucleoporin 58,"
		"
245955,Lgals3bp,galectin 3 binding protein,"
		"
245960,Alg10,"ALG10, alpha-1,2-glucosyltransferase","
		"
245975,Setd4,SET domain containing 4,"
		"
246046,Lmbrd1,LMBR1 domain containing 1,"
		"
246060,Cdkn1c,cyclin-dependent kinase inhibitor 1C,"
		"
246115,Plpp2,phospholipid phosphatase 2,"
		"
246120,Plbd2,phospholipase B domain containing 2,"
		"
246237,Plekha5,pleckstrin homology domain containing A5,"
		"
246299,Gtf3a,general transcription factor III A,"
		"
246310,Arfgap1,ARF GTPase activating protein 1,"
		"
246331,Nrp1,neuropilin 1,"
		"
252827,Cdk5rap1,CDK5 regulatory subunit associated protein 1,"
		"
252857,Rapgef4,Rap guanine nucleotide exchange factor 4,"
		"
252881,Exoc3,exocyst complex component 3,"
		"
252889,Tmed7,transmembrane p24 trafficking protein 7,"
		"
252891,Sra1,steroid receptor RNA activator 1,"
		"
252929,Ctsz,cathepsin Z,"
		"
252961,Tank,TRAF family member-associated NFKB activator,"
		"
259225,Ppp1r14b,"protein phosphatase 1, regulatory (inhibitor) subunit 14B","
		"
259270,Zfp335,zinc finger protein 335,"
		"
259274,Nmt1,N-myristoyltransferase 1,"
		"
260323,Snx27,sorting nexin 27,"
		"
260326,Adgrg1,adhesion G protein-coupled receptor G1,"
		"
266603,Aldh1a3,"aldehyde dehydrogenase 1 family, member A3","
		"
266631,Rbm45,RNA binding motif protein 45,"
		"
266687,Slc35e4,"solute carrier family 35, member E4","
		"
266716,Zscan12,zinc finger and SCAN domain containing 12,"
		"
266732,Npc1,NPC intracellular cholesterol transporter 1,"
		"
282634,Pxmp4,peroxisomal membrane protein 4,"
		"
282636,Impa2,inositol monophosphatase 2,"
		"
282827,Aip,aryl-hydrocarbon receptor-interacting protein,"
		"
286908,Pdlim7,PDZ and LIM domain 7,"
		"
286924,Gnat3,G protein subunit alpha transducin 3,"
		"
286990,Tox4,TOX high mobility group box family member 4,"
		"
287173,Bod1,biorientation of chromosomes in cell division 1,"
		"
287368,Nt5m,"5',3'-nucleotidase, mitochondrial","
		"
287371,Drc3,dynein regulatory complex subunit 3,"
		"
287379,Shmt1,serine hydroxymethyltransferase 1,"
		"
287380,Dhrs7b,dehydrogenase/reductase 7B,"
		"
287432,Wrap53,"WD repeat containing, antisense to TP53","
		"
287475,Med31,mediator complex subunit 31,"
		"
287523,Dph1,diphthamide biosynthesis 1,"
		"
287543,Tnfaip1,TNF alpha induced protein 1,"
		"
287738,Higd1b,"HIG1 hypoxia inducible domain family, member 1B","
		"
287766,Cep95,centrosomal protein 95,"
		"
287931,Ppm1f,"protein phosphatase, Mg2+/Mn2+ dependent, 1F","
		"
287953,Trmt2a,tRNA methyltransferase 2 homolog A,"
		"
287982,Abcf3,ATP binding cassette subfamily F member 3,"
		"
287984,Psmd2,"proteasome 26S subunit ubiquitin receptor, non-ATPase 2","
		"
288041,Pigx,"phosphatidylinositol glycan anchor biosynthesis, class X","
		"
288075,Stfa3,stefin A3,"
		"
288077,Hcls1,hematopoietic cell specific Lyn substrate 1,"
		"
288092,Tmem39a,transmembrane protein 39a,"
		"
288174,Nit2,"nitrilase family, member 2","
		"
288176,Cmss1,cms1 ribosomal small subunit homolog,"
		"
288256,Cryzl1,crystallin zeta like 1,"
		"
288259,Gart,"phosphoribosylglycinamide formyltransferase, phosphoribosylglycinamide synthetase, phosphoribosylaminoimidazole synthetase","
		"
288269,Cfap298,cilia and flagella associated protein 298,"
		"
288271,Mrap,melanocortin 2 receptor accessory protein,"
		"
288371,Mcoln1,mucolipin TRP cation channel 1,"
		"
288414,Rfc3,replication factor C subunit 3,"
		"
288480,Aimp2,aminoacyl tRNA synthetase complex-interacting multifunctional protein 2,"
		"
288516,Eif3b,"eukaryotic translation initiation factor 3, subunit B","
		"
288525,Dhrsx,dehydrogenase/reductase X-linked,"
		"
288533,Taf6,TATA-box binding protein associated factor 6,"
		"
288593,Ccl24,C-C motif chemokine ligand 24,"
		"
288615,Sbds,"Sbds, ribosome maturation factor","
		"
288616,Tmem248,transmembrane protein 248,"
		"
288683,Rita1,RBPJ interacting and tubulin associated 1,"
		"
288701,Srsf9,serine and arginine rich splicing factor 9,"
		"
288707,Gltp,glycolipid transfer protein,"
		"
288771,Rbms2,"RNA binding motif, single stranded interacting protein 2","
		"
289342,Rps6kc1,ribosomal protein S6 kinase C1,"
		"
289352,Eprs1,glutamyl-prolyl-tRNA synthetase 1,"
		"
289380,Nenf,neudesin neurotrophic factor,"
		"
289437,Glmn,"glomulin, FKBP associated protein","
		"
289468,Abraxas1,"abraxas 1, BRCA1 A complex subunit","
		"
289508,Rchy1,ring finger and CHY zinc finger domain containing 1,"
		"
289603,Commd8,COMM domain containing 8,"
		"
289668,Lap3,leucine aminopeptidase 3,"
		"
289752,Ewsr1,EWS RNA-binding protein 1,"
		"
289758,Pold2,"DNA polymerase delta 2, accessory subunit","
		"
289785,Myo1g,myosin IG,"
		"
289809,Pno1,partner of NOB1 homolog,"
		"
289809,Pno1,partner of NOB1 homolog,"
		"
289820,Actr2,actin related protein 2,"
		"
289994,Cnih1,cornichon family member 1,"
		"
290028,Osgep,O-sialoglycoprotein endopeptidase,"
		"
290029,Pnp,purine nucleoside phosphorylase,"
		"
290046,Hnrnpc,heterogeneous nuclear ribonucleoprotein C,"
		"
290291,Cab39l,calcium binding protein 39-like,"
		"
290317,Sox7,SRY-box transcription factor 7,"
		"
290350,Loxl2,lysyl oxidase-like 2,"
		"
290519,Thoc3,THO complex subunit 3,"
		"
290627,Use1,unconventional SNARE in the ER 1,"
		"
290635,Mvb12a,multivesicular body subunit 12A,"
		"
290647,Lsm4,"LSM4 homolog, U6 small nuclear RNA and mRNA degradation associated","
		"
290652,Fkbp8,FKBP prolyl isomerase 8,"
		"
290669,Gatad2a,GATA zinc finger domain containing 2A,"
		"
290850,Mrps31,mitochondrial ribosomal protein S31,"
		"
290905,Col4a1,collagen type IV alpha 1 chain,"
		"
291076,Eci3,enoyl-Coenzyme A delta isomerase 3,"
		"
291135,Acot13,acyl-CoA thioesterase 13,"
		"
291171,Trim27,tripartite motif-containing 27,"
		"
291182,Stard3nl,STARD3 N-terminal like,"
		"
291202,Hax1,HCLS1 associated protein X-1,"
		"
291206,Mrpl32,mitochondrial ribosomal protein L32,"
		"
291295,Rbm17,RNA binding motif protein 17,"
		"
291320,Mindy3,MINDY lysine 48 deubiquitinase 3,"
		"
291440,Cxxc1,CXXC finger protein 1,"
		"
291571,Tcof1,treacle ribosome biogenesis factor 1,"
		"
291624,Lars1,leucyl-tRNA synthetase 1,"
		"
291635,Pcdhga7,"protocadherin gamma subfamily A, 7","
		"
291691,Brd8,bromodomain containing 8,"
		"
291694,Fam13b,"family with sequence similarity 13, member B","
		"
291709,Slc25a46,"solute carrier family 25, member 46","
		"
291733,Slc39a6,solute carrier family 39 member 6,"
		"
291813,Cmtm3,CKLF-like MARVEL transmembrane domain containing 3,"
		"
291844,Setd6,"SET domain containing 6, protein lysine methyltransferase","
		"
291874,Nup93,nucleoporin 93,"
		"
291885,Mcm5,minichromosome maintenance complex component 5,"
		"
291905,Fto,"FTO, alpha-ketoglutarate dependent dioxygenase","
		"
291927,Orc6,"origin recognition complex, subunit 6","
		"
291946,Tmem184c,transmembrane protein 184C,"
		"
291974,Ripor1,RHO family interacting cell polarization regulator 1,"
		"
291975,Enkd1,enkurin domain containing 1,"
		"
291983,Psmb10,proteasome 20S subunit beta 10,"
		"
291987,Utp4,UTP4 small subunit processome component,"
		"
292022,Ddx19a,DEAD-box helicase 19A,"
		"
292074,Trappc2l,trafficking protein particle complex subunit 2L,"
		"
292188,Rnf217,ring finger protein 217,"
		"
292267,Armt1,acidic residue methyltransferase 1,"
		"
292305,Sft2d1,SFT2 domain containing 1,"
		"
292464,Katna1,katanin catalytic subunit A1,"
		"
292584,Fiz1,FLT3-interacting zinc finger 1,"
		"
292588,Ube2s,ubiquitin-conjugating enzyme E2S,"
		"
292756,Pak4,p21 (RAC1) activated kinase 4,"
		"
292770,Spint2,"serine peptidase inhibitor, Kunitz type, 2","
		"
292810,Gpatch1,G patch domain containing 1,"
		"
292847,Ctu1,cytosolic thiouridylase subunit 1,"
		"
292886,Tbc1d17,"TBC1 domain family, member 17","
		"
292888,Ptov1,"PTOV1, extended AT-hook containing adaptor protein","
		"
292894,Nosip,nitric oxide synthase interacting protein,"
		"
292898,Pih1d1,PIH1 domain containing 1,"
		"
292935,Htatip2,HIV-1 Tat interactive protein 2,"
		"
293017,Bclaf1,BCL2-associated transcription factor 1,"
		"
293054,Mrpl46,mitochondrial ribosomal protein L46,"
		"
293067,Zfand6,zinc finger AN1-type containing 6,"
		"
293142,Spcs2,signal peptidase complex subunit 2,"
		"
293154,Folr2,folate receptor beta,"
		"
293156,Lrrc51,leucine rich repeat containing 51,"
		"
293489,Slx1b,"SLX1 homolog B, structure-specific endonuclease subunit","
		"
293615,Sirt3,sirtuin 3,"
		"
293620,Ptdss2,phosphatidylserine synthase 2,"
		"
293620,Ptdss2,phosphatidylserine synthase 2,"
		"
293623,Rassf7,Ras association domain family member 7,"
		"
293671,Sf3b2,"splicing factor 3b, subunit 2","
		"
293691,Snx15,sorting nexin 15,"
		"
293692,Ehd1,EH-domain containing 1,"
		"
293701,Esrra,"estrogen related receptor, alpha","
		"
293721,Ganab,glucosidase II alpha subunit,"
		"
293722,B3gat3,"beta-1,3-glucuronyltransferase 3","
		"
293754,Mrpl16,mitochondrial ribosomal protein L16,"
		"
293783,Lpxn,leupaxin,"
		"
294030,Sfr1,SWI5-dependent homologous recombination repair protein 1,"
		"
294048,Pik3ap1,phosphoinositide-3-kinase adaptor protein 1,"
		"
294119,Moxd1,"monooxygenase, DBH-like 1","
		"
294231,C20h6orf136,similar to human chromosome 6 open reading frame 136,"
		"
294258,Nelfe,negative elongation factor complex member E,"
		"
294422,Smpdl3a,"sphingomyelin phosphodiesterase, acid-like 3A","
		"
294436,Rpf2,ribosome production factor 2 homolog,"
		"
294606,Arb2a,ARB2 cotranscriptional regulator A,"
		"
294698,Slc30a5,solute carrier family 30 member 5,"
		"
294783,Wdr70,WD repeat domain 70,"
		"
294973,Acad9,"acyl-CoA dehydrogenase family, member 9","
		"
295052,Ccna1,cyclin A1,"
		"
295107,Smc4,structural maintenance of chromosomes 4,"
		"
295234,Lamtor2,"late endosomal/lysosomal adaptor, MAPK and MTOR activator 2","
		"
295235,Ssr2,signal sequence receptor subunit 2,"
		"
295243,Krtcap2,keratinocyte associated protein 2,"
		"
295293,Pear1,platelet endothelial aggregation receptor 1,"
		"
295338,Ptpn22,"protein tyrosine phosphatase, non-receptor type 22","
		"
295344,St7l,suppression of tumorigenicity 7-like,"
		"
295395,Rtca,RNA 3'-terminal phosphate cyclase,"
		"
295428,Mettl14,"methyltransferase 14, N6-adenosine-methyltransferase non-catalytic subunit","
		"
295625,Pkp4,plakophilin 4,"
		"
295669,Cybrd1,cytochrome b reductase 1,"
		"
296118,Fam227b,"family with sequence similarity 227, member B","
		"
296136,Nphp1,nephrocystin 1,"
		"
296301,Raly,RALY heterogeneous nuclear ribonucleoprotein,"
		"
296346,Oser1,oxidative stress responsive serine-rich 1,"
		"
296360,Pigt,"phosphatidylinositol glycan anchor biosynthesis, class T","
		"
296461,Osbpl2,oxysterol binding protein-like 2,"
		"
296467,Ythdf1,YTH N6-methyladenosine RNA binding protein F1,"
		"
296474,Helz2,helicase with zinc finger 2,"
		"
296583,Nacc2,NACC family member 2,"
		"
296588,Pmpca,"peptidase, mitochondrial processing subunit alpha","
		"
296635,Plpp7,phospholipid phosphatase 7 (inactive),"
		"
296639,Ciz1,CDKN1A interacting zinc finger protein 1,"
		"
296753,Srpk2,SRSF protein kinase 2,"
		"
297077,Tmem176a,transmembrane protein 176A,"
		"
297123,Fkbp9,FKBP prolyl isomerase 9,"
		"
297336,Usp39,ubiquitin specific peptidase 39,"
		"
297337,Rnf181,ring finger protein 181,"
		"
297387,Mob1a,MOB kinase activator 1A,"
		"
297406,Cct7,chaperonin containing TCP1 subunit 7,"
		"
297508,Nampt,nicotinamide phosphoribosyltransferase,"
		"
297522,Sec13,"SEC13 homolog, nuclear pore and COPII coat complex component","
		"
297525,Mkrn2,"makorin, ring finger protein, 2","
		"
297554,Csgalnact2,chondroitin sulfate N-acetylgalactosaminyltransferase 2,"
		"
297814,Car8,carbonic anhydrase 8,"
		"
298075,Ncbp1,nuclear cap binding protein subunit 1,"
		"
298095,Prpf4,pre-mRNA splicing tri-snRNP complex factor PRPF4,"
		"
298144,Kdm4c,lysine demethylase 4C,"
		"
298300,Ttc22,tetratricopeptide repeat domain 22,"
		"
298369,Osbpl9,oxysterol binding protein-like 9,"
		"
298370,Txndc12,thioredoxin domain containing 12,"
		"
298381,Echdc2,enoyl CoA hydratase domain containing 2,"
		"
298504,Mfsd2a,"MFSD2 lysolipid transporter A, lysophospholipid","
		"
298541,Dhdds,dehydrodolichyl diphosphate synthase subunit,"
		"
298584,Capzb,capping actin protein of muscle Z-line subunit beta,"
		"
298596,Sdhb,succinate dehydrogenase complex iron sulfur subunit B,"
		"
298609,Efhd2,"EF-hand domain family, member D2","
		"
298700,Eif3g,"eukaryotic translation initiation factor 3, subunit G","
		"
298712,Gpalpp1,GPALPP motifs containing 1,"
		"
298757,Atl2,atlastin GTPase 2,"
		"
298874,Pum2,pumilio RNA-binding family member 2,"
		"
299027,Eif2s3,eukaryotic translation initiation factor 2 subunit gamma,"
		"
299050,Prorp,protein only RNase P catalytic subunit,"
		"
299145,Rhoj,ras homolog family member J,"
		"
299156,Rab15,"RAB15, member RAS oncogene family","
		"
299201,Dlst,dihydrolipoamide S-succinyltransferase,"
		"
299246,Ttc8,tetratricopeptide repeat domain 8,"
		"
299569,Akap8l,A-kinase anchoring protein 8 like,"
		"
299607,Med16,mediator complex subunit 16,"
		"
299783,Glipr1,GLI pathogenesis-related 1,"
		"
299810,Yeats4,YEATS domain containing 4,"
		"
299827,Tbk1,TANK-binding kinase 1,"
		"
299907,Ext1,exostosin glycosyltransferase 1,"
		"
300032,Zc3h3,zinc finger CCCH type containing 3,"
		"
300120,Fam118a,"family with sequence similarity 118, member A","
		"
300191,Slc48a1,solute carrier family 48 member 1,"
		"
300258,Myg1,MYG1 exonuclease,"
		"
300384,Naalad2,N-acetylated alpha-linked acidic dipeptidase 2,"
		"
300447,Ecsit,ECSIT signaling integrator,"
		"
300474,Adamts15,"ADAM metallopeptidase with thrombospondin type 1 motif, 15","
		"
300679,Mpzl2,myelin protein zero-like 2,"
		"
300724,Fbxo22,F-box protein 22,"
		"
300726,Etfa,electron transfer flavoprotein subunit alpha,"
		"
300754,Bbs4,Bardet-Biedl syndrome 4,"
		"
300786,Clpx,caseinolytic mitochondrial matrix peptidase chaperone subunit X,"
		"
300837,Leo1,"LEO1 homolog, Paf1/RNA polymerase II complex component","
		"
300880,Cep162,centrosomal protein 162,"
		"
300955,Nck1,NCK adaptor protein 1,"
		"
300982,Abhd14a,abhydrolase domain containing 14A,"
		"
300994,Ifrd2,interferon-related developmental regulator 2,"
		"
301009,Nckipsd,NCK interacting protein with SH3 domain,"
		"
301081,Zdhhc3,zinc finger DHHC-type palmitoyltransferase 3,"
		"
301121,Rfx2,regulatory factor X2,"
		"
301128,Kdm4b,lysine demethylase 4B,"
		"
301235,Bicral,BICRA like chromatin remodeling complex associated protein,"
		"
301265,Pla2g7,phospholipase A2 group VII,"
		"
301348,Zap70,zeta chain of T cell receptor associated protein kinase 70,"
		"
301446,Carf,calcium responsive transcription factor,"
		"
301513,Cnot9,CCR4-NOT transcription complex subunit 9,"
		"
301529,Dnpep,aspartyl aminopeptidase,"
		"
301555,Cul3,cullin 3,"
		"
302290,Ap3s1,adaptor related protein complex 3 subunit sigma 1,"
		"
302495,Rap2c,"RAP2C, member of RAS oncogene family","
		"
302711,Tbl1x,transducin (beta)-like 1 X-linked,"
		"
302915,Pmm2,phosphomannomutase 2,"
		"
302981,Spsb3,splA/ryanodine receptor domain and SOCS box containing 3,"
		"
303000,Capn15,calpain 15,"
		"
303076,Surf6,surfeit 6,"
		"
303088,Trim41,tripartite motif-containing 41,"
		"
303090,Irgm,immunity-related GTPase M,"
		"
303100,Mgat4b,"alpha-1,3-mannosyl-glycoprotein 4-beta-N-acetylglucosaminyltransferase B","
		"
303101,Maml1,mastermind-like transcriptional coactivator 1,"
		"
303226,Zfp18,zinc finger protein 18,"
		"
303238,Ctc1,CST telomere replication complex component 1,"
		"
303245,Senp3,SUMO specific peptidase 3,"
		"
303280,Bltp2,bridge-like lipid transfer protein family member 2,"
		"
303281,Supt6h,"SPT6 homolog, histone chaperone and transcription elongation factor","
		"
303313,Scarf1,"scavenger receptor class F, member 1","
		"
303346,Nsrp1,nuclear speckle splicing regulatory protein 1,"
		"
303353,Psmd11,"proteasome 26S subunit, non-ATPase 11","
		"
303372,Nle1,notchless homolog 1,"
		"
303536,Dnajc7,DnaJ heat shock protein family (Hsp40) member C7,"
		"
303547,Ezh1,enhancer of zeste 1 polycomb repressive complex 2 subunit,"
		"
303604,Map3k3,mitogen activated protein kinase kinase kinase 3,"
		"
303740,Slc38a10,"solute carrier family 38, member 10","
		"
303753,Foxk2,forkhead box K2,"
		"
303755,Fn3krp,fructosamine-3-kinase-related protein,"
		"
303792,Klhl22,kelch-like family member 22,"
		"
303830,Tbccd1,TBCC domain containing 1,"
		"
304037,Arl13b,ARF like GTPase 13B,"
		"
304074,Morc3,MORC family CW-type zinc finger 3,"
		"
304204,Snapc2,"small nuclear RNA activating complex, polypeptide 2","
		"
304277,Cpsf4,cleavage and polyadenylation specific factor 4,"
		"
304291,Zdhhc4,zinc finger DHHC-type palmitoyltransferase 4,"
		"
304474,Pitpnm2,"phosphatidylinositol transfer protein, membrane-associated 2","
		"
304496,Orai1,ORAI calcium release-activated calcium modulator 1,"
		"
304542,Coq5,"coenzyme Q5, methyltransferase","
		"
304569,Ep400,E1A binding protein p400,"
		"
304799,Ppp1r15b,"protein phosphatase 1, regulatory subunit 15B","
		"
304885,Fam20b,"FAM20B, glycosaminoglycan xylosylkinase","
		"
304951,Nuf2,NUF2 component of NDC80 kinetochore complex,"
		"
304978,Copa,COPI coat complex subunit alpha,"
		"
305083,Zfp281,zinc finger protein 281,"
		"
305291,Srd5a3,steroid 5 alpha-reductase 3,"
		"
305310,Slain2,"SLAIN motif family, member 2","
		"
305353,Tlr6,toll-like receptor 6,"
		"
305461,Fam53a,"family with sequence similarity 53, member A","
		"
305494,Aebp1,AE binding protein 1,"
		"
305506,Eif6,eukaryotic translation initiation factor 6,"
		"
305549,Peli1,pellino E3 ubiquitin protein ligase 1,"
		"
305571,B3gnt2,"UDP-GlcNAc:betaGal beta-1,3-N-acetylglucosaminyltransferase 2","
		"
305624,Pcgf3,polycomb group ring finger 3,"
		"
305846,Slc39a2,solute carrier family 39 member 2,"
		"
305853,Rab2b,"RAB2B, member RAS oncogene family","
		"
305896,Irf9,interferon regulatory factor 9,"
		"
306129,Fbxl3,F-box and leucine-rich repeat protein 3,"
		"
306203,Pxk,PX domain containing serine/threonine kinase like,"
		"
306260,Capn7,calpain 7,"
		"
306338,Abhd8,abhydrolase domain containing 8,"
		"
306357,Gmip,Gem-interacting protein,"
		"
306469,Cfap97,cilia and flagella associated protein 97,"
		"
306527,Dusp26,dual specificity phosphatase 26,"
		"
306600,Atp11a,ATPase phospholipid transporting 11A,"
		"
306771,Tspan17,tetraspanin 17,"
		"
306819,Kdm1b,lysine demethylase 1B,"
		"
307133,Hspa14,heat shock protein family A (Hsp70) member 14,"
		"
307171,Apbb1ip,amyloid beta precursor protein binding family B member 1 interacting protein,"
		"
307210,Timm21,translocase of inner mitochondrial membrane 21,"
		"
307271,Mex3c,mex-3 RNA binding family member C,"
		"
307390,Fbxo38,F-box protein 38,"
		"
307403,Csf1r,colony stimulating factor 1 receptor,"
		"
307410,Rbm22,RNA binding motif protein 22,"
		"
307505,Ctnna1,catenin alpha 1,"
		"
307553,Nol4,nucleolar protein 4,"
		"
307639,Gins3,GINS complex subunit 3,"
		"
307643,Usb1,U6 snRNA biogenesis phosphodiesterase 1,"
		"
307644,Kifc3,kinesin family member C3,"
		"
307652,Psme3ip1,proteasome activator subunit 3 interacting protein 1,"
		"
307810,Esrp2,epithelial splicing regulatory protein 2,"
		"
307924,Zfp276,zinc finger protein (C2H2 type) 276,"
		"
308140,Tfb1m,"transcription factor B1, mitochondrial","
		"
308266,Zc3h12d,zinc finger CCCH type containing 12D,"
		"
308335,U2af2,U2 small nuclear RNA auxiliary factor 2,"
		"
308345,Kmt5c,lysine methyltransferase 5C,"
		"
308434,Zfp574,zinc finger protein 574,"
		"
308443,B9d2,B9 domain containing 2,"
		"
308518,Nudt19,nudix hydrolase 19,"
		"
308588,Car11,carbonic anhydrase 11,"
		"
308663,Tubgcp5,tubulin gamma complex component 5,"
		"
308761,Prc1,protein regulator of cytokinesis 1,"
		"
308796,Mesd,mesoderm development LRP chaperone,"
		"
308906,Trim5,tripartite motif-containing 5,"
		"
308944,Dennd2b,DENN domain containing 2B,"
		"
308977,Il21r,interleukin 21 receptor,"
		"
308990,C1h16orf54,similar to human chromosome 16 open reading frame 54,"
		"
309010,Sec23ip,SEC23 interacting protein,"
		"
309060,Fam53b,"family with sequence similarity 53, member B","
		"
309106,Sigirr,single Ig and TIR domain containing,"
		"
309139,Tpcn2,two pore segment channel 2,"
		"
309170,Fam89b,"family with sequence similarity 89, member B","
		"
309177,Znhit2,"zinc finger, HIT-type containing 2","
		"
309186,Fermt3,FERM domain containing kindlin 3,"
		"
309373,Ubtd1,ubiquitin domain containing 1,"
		"
309399,Abhd17b,"abhydrolase domain containing 17B, depalmitoylase","
		"
309447,Ldb1,LIM domain binding 1,"
		"
309456,Wbp1l,WW domain binding protein 1-like,"
		"
309565,Med23,mediator complex subunit 23,"
		"
309628,Wdr46,WD repeat domain 46,"
		"
309678,Trappc10,trafficking protein particle complex subunit 10,"
		"
309758,Herc4,HECT and RLD domain containing E3 ubiquitin protein ligase 4,"
		"
309855,Fig4,FIG4 phosphoinositide 5-phosphatase,"
		"
309995,Xrcc4,X-ray repair cross complementing 4,"
		"
310244,Zc2hc1a,"zinc finger, C2HC-type containing 1A","
		"
310326,Arsl,arylsulfatase L,"
		"
310375,Zfp131,zinc finger protein 131,"
		"
310377,C2h5orf34,similar to human chromosome 5 open reading frame 34,"
		"
310483,Mlf1,myeloid leukemia factor 1,"
		"
310552,Sfrp2,secreted frizzled-related protein 2,"
		"
310553,Tlr2,toll-like receptor 2,"
		"
310626,Tmem79,transmembrane protein 79,"
		"
310640,Entrep3,endosomal transmembrane epsin interactor 3,"
		"
310661,Vps72,vacuolar protein sorting 72 homolog,"
		"
310672,Tars2,"threonyl-tRNA synthetase 2, mitochondrial","
		"
310674,Plekho1,pleckstrin homology domain containing O1,"
		"
310781,Atxn7l2,ataxin 7-like 2,"
		"
310811,Palmd,palmdelphin,"
		"
310843,Sec24d,"SEC24 homolog D, COPII coat complex component","
		"
310877,Tifa,TRAF-interacting protein with forkhead-associated domain,"
		"
310960,Usp33,ubiquitin specific peptidase 33,"
		"
311111,Nostrin,nitric oxide synthase trafficking,"
		"
311171,Lrrc55,leucine rich repeat containing 55,"
		"
311215,Ext2,exostosin glycosyltransferase 2,"
		"
311218,Accs,1-aminocyclopropane-1-carboxylate synthase,"
		"
311299,Aven,apoptosis and caspase activation inhibitor,"
		"
311346,Lrrc57,leucine rich repeat containing 57,"
		"
311405,Tmem127,transmembrane protein 127,"
		"
311562,Necab3,N-terminal EF-hand calcium binding protein 3,"
		"
311569,Acss2,acyl-CoA synthetase short-chain family member 2,"
		"
311642,Sulf2,sulfatase 2,"
		"
311839,Slc27a4,solute carrier family 27 member 4,"
		"
311842,Zer1,"zyg-11 related, cell cycle regulator","
		"
311847,Dolk,dolichol kinase,"
		"
311849,Crat,carnitine O-acetyltransferase,"
		"
311854,Tor1b,"torsin family 1, member B","
		"
311902,Rbm18,RNA binding motif protein 18,"
		"
312083,Vps50,VPS50 subunit of EARP/GARPII complex,"
		"
312132,Tmem106b,transmembrane protein 106B,"
		"
312372,Kbtbd2,kelch repeat and BTB domain containing 2,"
		"
312566,Adamts9,"ADAM metallopeptidase with thrombospondin type 1 motif, 9","
		"
312638,Creld1,cysteine-rich with EGF-like domains 1,"
		"
312640,Emc3,ER membrane protein complex subunit 3,"
		"
312694,Necap1,NECAP endocytosis associated 1,"
		"
312824,Recql,RecQ like helicase,"
		"
312903,Tram1,translocation associated membrane protein 1,"
		"
312936,Sox17,SRY-box transcription factor 17,"
		"
313030,Ppp1r8,"protein phosphatase 1, regulatory subunit 8","
		"
313038,Phc2,polyhomeotic homolog 2,"
		"
313047,Yars1,tyrosyl-tRNA synthetase 1,"
		"
313053,Ythdf2,YTH N6-methyladenosine RNA binding protein F2,"
		"
313115,Ufl1,Ufm1-specific ligase 1,"
		"
313166,Nfx1,"nuclear transcription factor, X-box binding 1","
		"
313167,Nol6,nucleolar protein 6,"
		"
313200,Hsdl2,hydroxysteroid dehydrogenase like 2,"
		"
313231,Alg2,"ALG2, alpha-1,3/1,6-mannosyltransferase","
		"
313388,Dock7,dedicator of cytokinesis 7,"
		"
313430,Fam151a,"family with sequence similarity 151, member A","
		"
313481,Tut4,terminal uridylyl transferase 4,"
		"
313535,Eri3,ERI1 exoribonuclease family member 3,"
		"
313563,Exo5,exonuclease 5,"
		"
313618,Maco1,macoilin 1,"
		"
313647,Hp1bp3,"heterochromatin protein 1, binding protein 3","
		"
313666,Zbtb17,zinc finger and BTB domain containing 17,"
		"
313742,Phf13,PHD finger protein 13,"
		"
313772,Acap3,"ArfGAP with coiled-coil, ankyrin repeat and PH domains 3","
		"
313969,Lratd1,LRAT domain containing 1,"
		"
314336,Ddx41,DEAD-box helicase 41,"
		"
314399,Ubr7,ubiquitin protein ligase E3 component n-recognin 7,"
		"
314432,Uba1,ubiquitin-like modifier activating enzyme 1,"
		"
314442,Wars1,tryptophanyl-tRNA synthetase 1,"
		"
314443,Wdr25,WD repeat domain 25,"
		"
314462,Trmt61a,tRNA methyltransferase 61A,"
		"
314553,Ptdss1,phosphatidylserine synthase 1,"
		"
314617,Wdr18,WD repeat domain 18,"
		"
314622,Cbarp,CACN subunit beta associated regulatory protein,"
		"
314641,Pip5k1c,phosphatidylinositol-4-phosphate 5-kinase type 1 gamma,"
		"
314648,Ncln,nicalin,"
		"
314718,Actr6,actin related protein 6,"
		"
314788,Rlig1,RNA 5'-phosphate and 3'-OH ligase 1,"
		"
314836,Zfc3h1,"zinc finger, C3H1-type containing","
		"
314856,Mdm2,MDM2 proto-oncogene,"
		"
315059,Trappc9,trafficking protein particle complex subunit 9,"
		"
315084,Gsdmd,gasdermin D,"
		"
315121,Cdc42ep1,CDC42 effector protein 1,"
		"
315159,Tob2,"transducer of ERBB2, 2","
		"
315272,Ano6,anoctamin 6,"
		"
315327,Spryd3,SPRY domain containing 3,"
		"
315329,Mfsd5,major facilitator superfamily domain containing 5,"
		"
315509,Jam3,junctional adhesion molecule 3,"
		"
315598,C1qtnf5,C1q and TNF related 5,"
		"
315697,Imp3,IMP U3 small nucleolar ribonucleoprotein 3,"
		"
315939,Pxylp1,2-phosphoxylose phosphatase 1,"
		"
315997,Rbm6,RNA binding motif protein 6,"
		"
316034,Cnot10,"CCR4-NOT transcription complex, subunit 10","
		"
316051,Azi2,5-azacytidine induced 2,"
		"
316102,Lztfl1,leucine zipper transcription factor-like 1,"
		"
316123,Gtf2f1,general transcription factor IIF subunit 1,"
		"
316131,Fem1a,fem-1 homolog A,"
		"
316370,Poglut2,protein O-glucosyltransferase 2,"
		"
316611,Agap1,"ArfGAP with GTPase domain, ankyrin repeat and PH domain 1","
		"
316626,Hes6,hes family bHLH transcription factor 6,"
		"
316640,Atg4b,"autophagy related 4B, cysteine peptidase","
		"
317218,Itm2a,integral membrane protein 2A,"
		"
317260,Zmym3,zinc finger MYM-type containing 3,"
		"
317379,Magix,"MAGI family member, X-linked","
		"
317470,Egfl6,"EGF-like-domain, multiple 6","
		"
317612,Htatsf1,HIV-1 Tat specific factor 1,"
		"
353227,Zbtb16,zinc finger and BTB domain containing 16,"
		"
353255,Nadsyn1,NAD synthetase 1,"
		"
360243,Top2a,DNA topoisomerase II alpha,"
		"
360459,Bmerb1,bMERB domain containing 1,"
		"
360477,Glyr1,glyoxylate reductase 1 homolog,"
		"
360502,Fam234a,"family with sequence similarity 234, member A","
		"
360503,Luc7l,LUC7-like,"
		"
360518,Gfpt2,glutamine-fructose-6-phosphate transaminase 2,"
		"
360548,Tnfsf12,TNF superfamily member 12,"
		"
360551,Bcl6b,"BCL6B, transcription repressor","
		"
360555,Inca1,"inhibitor of CDK, cyclin A1 interacting protein 1","
		"
360570,Myo18a,myosin XVIIIa,"
		"
360571,Rab34,"RAB34, member RAS oncogene family","
		"
360600,Spag9,sperm associated antigen 9,"
		"
360631,Mlx,MAX dimerization protein MLX,"
		"
360637,Ccdc43,coiled-coil domain containing 43,"
		"
360673,Tepsin,"TEPSIN, adaptor related protein complex 4 accessory protein","
		"
360678,Arhgdia,Rho GDP dissociation inhibitor alpha,"
		"
360703,Vps26c,VPS26 endosomal protein sorting factor C,"
		"
360715,Boc,"BOC cell adhesion associated, oncogene regulated","
		"
360734,Dnajb11,DnaJ heat shock protein family (Hsp40) member B11,"
		"
360739,Ranbp1,RAN binding protein 1,"
		"
360747,Spag6l,sperm associated antigen 6-like,"
		"
360760,Pan3,poly(A) specific ribonuclease subunit PAN3,"
		"
360776,Lamtor4,"late endosomal/lysosomal adaptor, MAPK and MTOR activator 4","
		"
360785,Ap1s1,adaptor related protein complex 1 subunit sigma 1,"
		"
360818,Fbxo21,F-box protein 21,"
		"
360820,Pxn,paxillin,"
		"
360967,Rnf185,ring finger protein 185,"
		"
360969,Castor1,cytosolic arginine sensor for mTORC1 subunit 1,"
		"
360975,Ogdh,oxoglutarate dehydrogenase,"
		"
360983,Lgalsl,galectin-like,"
		"
360990,Usp34,ubiquitin specific peptidase 34,"
		"
361005,Chchd1,coiled-coil-helix-coiled-coil-helix domain containing 1,"
		"
361020,Rpp14,ribonuclease P/MRP subunit p14,"
		"
361046,Parp4,"poly (ADP-ribose) polymerase family, member 4","
		"
361047,Ska3,spindle and kinetochore associated complex subunit 3,"
		"
361055,Kpna3,karyopherin subunit alpha 3,"
		"
361068,Nudt18,nudix hydrolase 18,"
		"
361071,Sucla2,succinate-CoA ligase ADP-forming subunit beta,"
		"
361073,Cog3,component of oligomeric golgi complex 3,"
		"
361102,Polr3a,RNA polymerase III subunit A,"
		"
361176,Upf3a,"UPF3A, regulator of nonsense mediated mRNA decay","
		"
361183,Ankrd10,ankyrin repeat domain 10,"
		"
361184,Cars2,"cysteinyl-tRNA synthetase 2, mitochondrial","
		"
361219,Fbxw17,F-box and WD-40 domain protein 17,"
		"
361282,Plxdc2,plexin domain containing 2,"
		"
361285,Mllt10,"MLLT10, histone lysine methyltransferase DOT1L cofactor","
		"
361295,Ss18,SS18 subunit of BAF chromatin remodeling complex,"
		"
361301,Tpgs2,tubulin polyglutamylase complex subunit 2,"
		"
361308,Kif20a,kinesin family member 20A,"
		"
361309,Paip2,poly(A) binding protein interacting protein 2,"
		"
361328,Snx24,sorting nexin 24,"
		"
361365,Polr2c,RNA polymerase II subunit C,"
		"
361390,Abce1,ATP binding cassette subfamily E member 1,"
		"
361402,Prmt7,protein arginine methyltransferase 7,"
		"
361407,Cog4,component of oligomeric golgi complex 4,"
		"
361410,Tmem231,transmembrane protein 231,"
		"
361425,Emc8,ER membrane protein complex subunit 8,"
		"
361458,Akap7,A-kinase anchoring protein 7,"
		"
361472,Mthfd1l,methylenetetrahydrofolate dehydrogenase (NADP+ dependent) 1-like,"
		"
361527,Pld3,"phospholipase D family, member 3","
		"
361571,Aldh16a1,"aldehyde dehydrogenase 16 family, member A1","
		"
361618,Stim1,stromal interaction molecule 1,"
		"
361628,Eif4g2,"eukaryotic translation initiation factor 4, gamma 2","
		"
361630,Tead1,TEA domain transcription factor 1,"
		"
361634,Ccp110,centriolar coiled-coil protein 110,"
		"
361654,Rusf1,RUS family member 1,"
		"
361677,Tollip,toll interacting protein,"
		"
361700,Kdm2a,lysine demethylase 2A,"
		"
361712,Syvn1,synoviolin 1,"
		"
361747,Spata6l,spermatogenesis associated 6-like,"
		"
361771,Zdhhc6,zinc finger DHHC-type palmitoyltransferase 6,"
		"
361789,Atat1,alpha tubulin acetyltransferase 1,"
		"
361791,Nrm,nurim,"
		"
361816,Zfand3,zinc finger AN1-type containing 3,"
		"
361818,Rsph1,radial spoke head component 1,"
		"
361845,Eif4ebp2,eukaryotic translation initiation factor 4E binding protein 2,"
		"
361859,Cdc40,cell division cycle 40,"
		"
361866,Hace1,"HECT domain and ankyrin repeat containing, E3 ubiquitin protein ligase 1","
		"
361884,Mccc2,methylcrotonyl-CoA carboxylase subunit 2,"
		"
361925,Actl6a,actin-like 6A,"
		"
361941,C2h4orf33,similar to human chromosome 4 open reading frame 33,"
		"
361956,Rsrc1,arginine and serine rich coiled-coil 1,"
		"
362004,Gdap2,ganglioside-induced differentiation-associated-protein 2,"
		"
362011,Dram2,DNA damage regulated autophagy modulator 2,"
		"
362012,Strip1,striatin interacting protein 1,"
		"
362031,Alg14,"ALG14, UDP-N-acetylglucosaminyltransferase subunit","
		"
362102,Ptpa,protein phosphatase 2 phosphatase activator,"
		"
362138,Rbms1,"RNA binding motif, single stranded interacting protein 1","
		"
362152,Hnrnpa3,heterogeneous nuclear ribonucleoprotein A3,"
		"
362162,Arfgap2,ARF GTPase activating protein 2,"
		"
362169,Alkbh3,"alkB homolog 3, alpha-ketoglutarate-dependent dioxygenase","
		"
362227,Dtd1,D-aminoacyl-tRNA deacylase 1,"
		"
362247,Trpc4ap,"transient receptor potential cation channel, subfamily C, member 4 associated protein","
		"
362251,Rbm39,RNA binding motif protein 39,"
		"
362252,Scand1,SCAN domain-containing 1,"
		"
362274,Ddx27,DEAD-box helicase 27,"
		"
362281,Rae1,ribonucleic acid export 1,"
		"
362288,Rtel1,regulator of telomere elongation helicase 1,"
		"
362356,Cul1,cullin 1,"
		"
362374,Vopp1,VOPP1 WW domain binding protein,"
		"
362375,Lancl2,LanC like glutathione S-transferase 2,"
		"
362377,Herc3,HECT and RLD domain containing E3 ubiquitin protein ligase 3,"
		"
362388,Mrpl53,mitochondrial ribosomal protein L53,"
		"
362452,Borcs5,BLOC-1 related complex subunit 5,"
		"
362453,Crebl2,cAMP responsive element binding protein-like 2,"
		"
362477,Rgs20,regulator of G-protein signaling 20,"
		"
362490,Pip4p2,"phosphatidylinositol-4,5-bisphosphate 4-phosphatase 2","
		"
362502,Ubap1,ubiquitin-associated protein 1,"
		"
362521,Tmem38b,transmembrane protein 38B,"
		"
362557,Ndc1,NDC1 transmembrane nucleoporin,"
		"
362599,Trappc3,trafficking protein particle complex subunit 3,"
		"
362600,Adprs,ADP-ribosylserine hydrolase,"
		"
362699,Yipf4,"Yip1 domain family, member 4","
		"
362737,Heatr5a,HEAT repeat containing 5A,"
		"
362738,Snx6,sorting nexin 6,"
		"
362825,Hmg20b,high mobility group 20 B,"
		"
362835,Reep6,receptor accessory protein 6,"
		"
362844,Brd4,bromodomain containing 4,"
		"
362849,Marchf2,membrane associated ring-CH-type finger 2,"
		"
362860,Appl2,"adaptor protein, phosphotyrosine interacting with PH domain and leucine zipper 2","
		"
362883,Slc35e3,"solute carrier family 35, member E3","
		"
362899,Nipal2,NIPA-like domain containing 2,"
		"
362902,Dcaf13,DDB1 and CUL4 associated factor 13,"
		"
362974,Kiaa0930,KIAA0930 homolog,"
		"
362979,Panx2,pannexin 2,"
		"
362987,Rabl2,"RAB, member of RAS oncogene family like 2","
		"
362998,Dnajc22,DnaJ heat shock protein family (Hsp40) member C22,"
		"
363006,Tarbp2,Tarbp2 subunit of RISC loading complex,"
		"
363067,Sin3a,SIN3 transcription regulator family member A,"
		"
363082,Pdcd7,programmed cell death 7,"
		"
363146,Dalrd3,DALR anticodon binding domain containing 3,"
		"
363150,Elp6,elongator acetyltransferase complex subunit 6,"
		"
363160,Stt3b,STT3 oligosaccharyltransferase complex catalytic subunit B,"
		"
363165,Csrnp1,cysteine and serine rich nuclear protein 1,"
		"
363195,Gtpbp2,GTP binding protein 2,"
		"
363249,Ctdsp1,CTD small phosphatase 1,"
		"
363268,Fbxo36,F-box protein 36,"
		"
363269,Sp100,SP100 nuclear antigen,"
		"
363291,Thap4,THAP domain containing 4,"
		"
363465,Pir,pirin,"
		"
363483,Dmrtc1c1,DMRT-like family C1c1,"
		"
363545,Naa60,"N(alpha)-acetyltransferase 60, NatF catalytic subunit","
		"
363674,Stac2,SH3 and cysteine rich domain 2,"
		"
363675,Stard3,StAR-related lipid transfer domain containing 3,"
		"
363676,Zpbp2,zona pellucida binding protein 2,"
		"
363854,Elavl1,ELAV like RNA binding protein 1,"
		"
363984,Ikbke,inhibitor of nuclear factor kappa B kinase subunit epsilon,"
		"
364380,Abhd4,"abhydrolase domain containing 4, N-acyl phospholipase B","
		"
364386,Rnf31,ring finger protein 31,"
		"
364398,Trim13,tripartite motif-containing 13,"
		"
364675,B4galt7,"beta-1,4-galactosyltransferase 7","
		"
364878,Marchf3,membrane associated ring-CH-type finger 3,"
		"
364975,Gcdh,glutaryl-CoA dehydrogenase,"
		"
365388,Psmd13,"proteasome 26S subunit, non-ATPase 13","
		"
365390,Tspan32,tetraspanin 32,"
		"
365394,Cabp4,calcium binding protein 4,"
		"
365668,Mtrex,Mtr4 exosome RNA helicase,"
		"
365703,Zfr,zinc finger RNA binding protein,"
		"
365703,Zfr,zinc finger RNA binding protein,"
		"
365960,Gipc2,"GIPC PDZ domain containing family, member 2","
		"
366189,Tgm3,transglutaminase 3,"
		"
366276,Prpf6,pre-mRNA processing factor 6,"
		"
366277,Polr3k,RNA polymerase III subunit K,"
		"
366347,Cfap206,cilia and flagella associated protein 206,"
		"
366381,Cdc26,cell division cycle 26,"
		"
366508,Pik3cd,"phosphatidylinositol-4,5-bisphosphate 3-kinase, catalytic subunit delta","
		"
366515,Wrap73,"WD repeat containing, antisense to TP73","
		"
366532,Dhx57,DExH-box helicase 57,"
		"
366545,Atp6v1e2,ATPase H+ transporting V1 subunit E2,"
		"
366602,Tspan13,tetraspanin 13,"
		"
366854,Fbxo7,F-box protein 7,"
		"
366952,Cpsf1,cleavage and polyadenylation specific factor 1,"
		"
366962,Grap2,GRB2-related adaptor protein 2,"
		"
366988,Bin2,bridging integrator 2,"
		"
367767,Mageh1,MAGE family member H1,"
		"
367909,Tceal8,transcription elongation factor A like 8,"
		"
369016,Myadm,myeloid-associated differentiation marker,"
		"
406166,Egfl8,"EGF-like-domain, multiple 8","
		"
407765,St6galnac6,"ST6 N-acetylgalactosaminide alpha-2,6-sialyltransferase 6","
		"
432360,Sgce,"sarcoglycan, epsilon","
		"
474146,Hcst,hematopoietic cell signal transducer,"
		"
497914,Med9,mediator complex subunit 9,"
		"
497941,Gps2,G protein pathway suppressor 2,"
		"
498003,Dusp3,dual specificity phosphatase 3,"
		"
498033,Tex19.1,testis expressed 19.1,"
		"
498066,Sh3bgr,SH3 domain binding glutamate-rich protein,"
		"
498100,Mb21d2,Mab-21 domain containing 2,"
		"
498154,Chlsn,cholesin,"
		"
498225,Eif2d,eukaryotic translation initiation factor 2D,"
		"
498266,Blzf1,basic leucine zipper nuclear factor 1,"
		"
498353,Scfd2,sec1 family domain containing 2,"
		"
498486,Gnpnat1,glucosamine-phosphate N-acetyltransferase 1,"
		"
498538,Trim35,tripartite motif-containing 35,"
		"
498606,Kxd1,KxDL motif containing 1,"
		"
498709,Cks2,CDC28 protein kinase regulatory subunit 2,"
		"
498886,C18h18orf32,similar to human chromosome 18 open reading frame 32,"
		"
499146,Spib,Spi-B transcription factor,"
		"
499185,Mrps11,mitochondrial ribosomal protein S11,"
		"
499265,C1h16orf92,similar to human chromosome 16 open reading frame 92,"
		"
499280,Mapk1ip1,mitogen-activated protein kinase 1 interacting protein 1,"
		"
499328,Rfk,riboflavin kinase,"
		"
499507,Fam151b,"family with sequence similarity 151, member B","
		"
499558,Marchf11,membrane associated ring-CH-type finger 11,"
		"
499602,Abhd18,abhydrolase domain containing 18,"
		"
499626,Erich6,glutamate-rich 6,"
		"
499677,Lix1l,limb and CNS expressed 1 like,"
		"
499725,Rpf1,ribosome production factor 1,"
		"
499749,Tprn,taperin,"
		"
499891,Dnaaf9,dynein axonemal assembly factor 9,"
		"
499990,Tmem243,transmembrane protein 243,"
		"
500117,Ccdc126,coiled-coil domain containing 126,"
		"
500449,Sit1,signaling threshold regulating transmembrane adaptor 1,"
		"
500528,Ccdc17,coiled-coil domain containing 17,"
		"
500689,Ttc9,tetratricopeptide repeat domain 9,"
		"
500841,C7h12orf56,similar to human chromosome 12 open reading frame 56,"
		"
500972,Stt3a,STT3 oligosaccharyltransferase complex catalytic subunit A,"
		"
500991,Nxpe4,neurexophilin and PC-esterase domain family member 4,"
		"
501065,Cmtm7,CKLF-like MARVEL transmembrane domain containing 7,"
		"
501069,Golga4,golgin A4,"
		"
501095,Rftn1,raftlin lipid raft linker 1,"
		"
501736,Cd300a,Cd300a molecule,"
		"
503257,Nemp2,nuclear envelope integral membrane protein 2,"
		"
553106,Ncald,neurocalcin delta,"
		"
619374,Jam2,junctional adhesion molecule 2,"
		"
619385,Ncoa4,nuclear receptor coactivator 4,"
		"
619393,Dnajc12,DnaJ heat shock protein family (Hsp40) member C12,"
		"
619436,Med24,mediator complex subunit 24,"
		"
619573,Vcf1,VCP nuclear cofactor family member 1,"
		"
619574,Cybc1,cytochrome b-245 chaperone 1,"
		"
619577,Rnf14,ring finger protein 14,"
		"
654441,Cox6b2,cytochrome c oxidase subunit 6B2,"
		"
654496,Fubp1,far upstream element binding protein 1,"
		"
679462,Tspan15,tetraspanin 15,"
		"
679747,Tma7,translation machinery associated 7 homolog,"
		"
679907,Pam16,presequence translocase associated motor 16,"
		"
679957,Gpr18,G protein-coupled receptor 18,"
		"
680006,Mad1l1,mitotic arrest deficient 1 like 1,"
		"
680172,Mbd2,methyl-CpG binding domain protein 2,"
		"
680423,Aup1,"AUP1, lipid droplet regulating VLDL assembly factor","
		"
680466,Plpp5,phospholipid phosphatase 5,"
		"
680945,Sdf2l1,stromal cell-derived factor 2-like 1,"
		"
681023,Qsox2,quiescin sulfhydryl oxidase 2,"
		"
681062,Slbp,stem-loop histone mRNA binding protein,"
		"
681315,Tmem230,transmembrane protein 230,"
		"
681418,Ndufb10,NADH:ubiquinone oxidoreductase subunit B10,"
		"
681578,Rnf13,ring finger protein 13,"
		"
683402,Ap3s2,adaptor related protein complex 3 subunit sigma 2,"
		"
683667,Sri,sorcin,"
		"
684050,Pcolce2,procollagen C-endopeptidase enhancer 2,"
		"
684314,Glyctk,glycerate kinase,"
		"
684322,Kcmf1,potassium channel modulatory factor 1,"
		"
684972,Fam25a,"family with sequence similarity 25, member A","
		"
685284,Ift25,intraflagellar transport 25,"
		"
685425,Odf2l,outer dense fiber of sperm tails 2-like,"
		"
685462,Emid1,EMI domain containing 1,"
		"
685579,Rrm1,ribonucleotide reductase catalytic subunit M1,"
		"
685620,Tomm7,translocase of outer mitochondrial membrane 7,"
		"
686323,Trip6,thyroid hormone receptor interactor 6,"
		"
686539,Islr,immunoglobulin superfamily containing leucine-rich repeat,"
		"
686611,Sinhcaf,SIN3-HDAC complex associated factor,"
		"
687633,Ube3b,ubiquitin protein ligase E3B,"
		"
688813,Dda1,DET1 and DDB1 associated 1,"
		"
688912,Mrps16,mitochondrial ribosomal protein S16,"
		"
689030,Tbpl1,TATA-box binding protein like 1,"
		"
689314,Mapk11,mitogen-activated protein kinase 11,"
		"
689364,Chmp1b,charged multivesicular body protein 1B,"
		"
689588,Oaz3,ornithine decarboxylase antizyme 3,"
		"
689688,Atg2a,autophagy related 2A,"
		"
689959,C8h11orf52,similar to human chromosome 11 open reading frame 52,"
		"
689997,Fam91a1,"family with sequence similarity 91, member A1","
		"
690163,Oxct1,3-oxoacid CoA transferase 1,"
		"
690254,Polr3gl,RNA polymerase III subunit GL,"
		"
690516,Smurf1,SMAD specific E3 ubiquitin protein ligase 1,"
		"
690660,Hint1,histidine triad nucleotide binding protein 1,"
		"
690820,Klf16,KLF transcription factor 16,"
		"
690845,Rps4x-ps13,"ribosomal protein S4, X-linked, pseudogene 13","
		"
690871,Ndufaf8,NADH:ubiquinone oxidoreductase complex assembly factor 8,"
		"
691209,Slc12a6,"solute carrier family 12, member 6","
		"
691307,Lrrc39,leucine rich repeat containing 39,"
		"
691455,Calml4,calmodulin-like 4,"
		"
691947,Eif3j,"eukaryotic translation initiation factor 3, subunit J","
		"
100034253,Gnl3l,G protein nucleolar 3 like,"
		"
100125361,Zfp867,zinc finger protein 867,"
		"
100125370,Nadk,NAD kinase,"
		"
100151767,Nkapd1,NKAP domain containing 1,"
		"
100188944,Pnkd,PNKD metallo-beta-lactamase domain containing,"
		"
100322884,Nemf,nuclear export mediator factor,"
		"
100360501,Rnh1,ribonuclease/angiogenin inhibitor 1,"
		"
100362458,Gigyf2,GRB10 interacting GYF protein 2,"
		"
100362554,Otulin,OTU deubiquitinase with linear linkage specificity,"
		"
100362554,Otulin,OTU deubiquitinase with linear linkage specificity,"
		"
100364990,Pdss1,decaprenyl diphosphate synthase subunit 1,"
		"
100529260,Ankhd1,ankyrin repeat and KH domain containing 1,"
		"
100913063,Cd79a,CD79a molecule,"
		"
102551208,Dynlt4,dynein light chain Tctex-type 4,"
		"
